product,retailer,price,timestamp
Liebherr FNc 7227-22,mediamarkt.de - Shop aus Ingolstadt,979.0,2025-04-18 12:32
Liebherr FNc 7227-22,bobselektro.de - Shop aus Hamburg,999.99,2025-04-18 12:32
Liebherr FNc 7227-22,premiumshop24.de - Shop aus Karlsruhe,1013.57,2025-04-18 12:32
Liebherr FNc 7227-22,wermuth.de - Shop aus Egeln,1015.55,2025-04-18 12:32
Liebherr FNc 7227-22,hamp-hausgeraete.de - Shop aus Essen,1015.55,2025-04-18 12:32
Liebherr FNc 7227-22,euronics.de - Shop aus Ditzingen,1029.0,2025-04-18 12:32
Liebherr FNc 7227-22,otto.de - Shop aus Hamburg,1049.0,2025-04-18 12:32
Liebherr FNc 7227-22,avmarkt-select.de - Shop aus Bensheim,1060.0,2025-04-18 12:32
Liebherr FNc 7227-22,hgw-technik.de - Shop aus Stuttgart,1060.0,2025-04-18 12:32
Liebherr FNc 7227-22,plag-haustechnik.de - Shop aus Schwalmstadt,1099.0,2025-04-18 12:32
Liebherr FNc 7227-22,holzleitner.de - Shop aus Mönchengladbach,1099.0,2025-04-18 12:32
Liebherr FNc 7227-22,expert.de - Shop aus Langenhagen,1199.0,2025-04-18 12:32
Liebherr FNc 7227-22,Amazon Marketplace - Shop aus Luxemburg,1399.99,2025-04-18 12:32
Siemens GS58NAWCV,allesfuerzuhause.de - Shop aus Gera,833.09,2025-04-18 12:32
Siemens GS58NAWCV,euronics.de - Shop aus Ditzingen,838.95,2025-04-18 12:32
Siemens GS58NAWCV,energeto.de - Shop aus Arnsberg,844.0,2025-04-18 12:32
Siemens GS58NAWCV,alternate.de - Shop aus Linden,849.0,2025-04-18 12:32
Siemens GS58NAWCV,mybauer.de - Shop aus Schöllnach,867.57,2025-04-18 12:32
Siemens GS58NAWCV,meinkuechenstudio.de - Shop aus Schöllnach,867.57,2025-04-18 12:32
Siemens GS58NAWCV,technikplanet.de - Shop aus Witten,884.0,2025-04-18 12:32
Siemens GS58NAWCV,tecedo.de - Shop aus Wölfersheim,889.0,2025-04-18 12:32
Siemens GS58NAWCV,computeruniverse.net - Shop aus Bad Homburg,890.0,2025-04-18 12:32
Siemens GS58NAWCV,cyberport.de - Shop aus Dresden,890.0,2025-04-18 12:32
Siemens GS58NAWCV,coolblue.de - Shop aus Düsseldorf,899.0,2025-04-18 12:32
Siemens GS58NAWCV,baur.de - Shop aus Burgkunstadt,899.0,2025-04-18 12:32
Siemens GS58NAWCV,berlet.de - Shop aus Hagen,899.0,2025-04-18 12:32
Siemens GS58NAWCV,quelle.de - Shop aus Wals-Siezenheim,899.0,2025-04-18 12:32
Siemens GS58NAWCV,otto.de - Shop aus Hamburg,899.0,2025-04-18 12:32
Siemens GS58NAWCV,kaufland.de - Shop aus Neckarsulm,899.74,2025-04-18 12:32
Siemens GS58NAWCV,galaxus.de - Shop aus Hamburg,908.99,2025-04-18 12:32
Siemens GS58NAWCV,smartgoods.de - Shop aus Radebeul,922.51,2025-04-18 12:32
Siemens GS58NAWCV,Amazon - Shop aus München,938.95,2025-04-18 12:32
Siemens GS58NAWCV,Amazon Marketplace - Shop aus Luxemburg,938.95,2025-04-18 12:32
Bosch GSN58AWCV,allesfuerzuhause.de - Shop aus Gera,813.27,2025-04-18 12:32
Bosch GSN58AWCV,mybauer.de - Shop aus Schöllnach,818.32,2025-04-18 12:32
Bosch GSN58AWCV,meinkuechenstudio.de - Shop aus Schöllnach,818.32,2025-04-18 12:32
Bosch GSN58AWCV,handelspunkt-schlema.de - Shop aus Bad Schlema,839.0,2025-04-18 12:32
Bosch GSN58AWCV,computeruniverse.net - Shop aus Bad Homburg,839.0,2025-04-18 12:32
Bosch GSN58AWCV,cyberport.de - Shop aus Dresden,839.0,2025-04-18 12:32
Bosch GSN58AWCV,alternate.de - Shop aus Linden,840.0,2025-04-18 12:32
Bosch GSN58AWCV,energeto.de - Shop aus Arnsberg,843.0,2025-04-18 12:32
Bosch GSN58AWCV,euronics.de - Shop aus Ditzingen,860.0,2025-04-18 12:32
Bosch GSN58AWCV,technikplanet.de - Shop aus Witten,868.0,2025-04-18 12:32
Bosch GSN58AWCV,hornbach.de - Shop aus Bornheim bei Landau/Pfalz,878.0,2025-04-18 12:32
Bosch GSN58AWCV,mars-media-elektronik.de - Shop aus Simbach am Inn,882.0,2025-04-18 12:32
Bosch GSN58AWCV,eBay - Shop aus Bern,889.0,2025-04-18 12:32
Bosch GSN58AWCV,elektrowelt-zwickau.de - Shop aus Zwickau,890.38,2025-04-18 12:32
Bosch GSN58AWCV,rb-elektroshop.de - Shop aus Zwickau,890.38,2025-04-18 12:32
Bosch GSN58AWCV,elektrokoeck.com - Shop aus Wien,895.0,2025-04-18 12:32
Bosch GSN58AWCV,tecedo.de - Shop aus Wölfersheim,898.0,2025-04-18 12:32
Bosch GSN58AWCV,elektro-bruhn.de - Shop aus Weinstadt,899.0,2025-04-18 12:32
Bosch GSN58AWCV,galaxus.de - Shop aus Hamburg,899.99,2025-04-18 12:32
Bosch GSN58AWCV,monbeck.de - Shop aus Pohlheim,909.0,2025-04-18 12:32
Liebherr Fc 1404-20,holzleitner.de - Shop aus Mönchengladbach,499.0,2025-04-18 12:33
Liebherr Fc 1404-20,allesfuerzuhause.de - Shop aus Gera,537.5,2025-04-18 12:33
Liebherr Fc 1404-20,premiumshop24.de - Shop aus Karlsruhe,540.33,2025-04-18 12:33
Liebherr Fc 1404-20,wermuth.de - Shop aus Egeln,554.98,2025-04-18 12:33
Liebherr Fc 1404-20,euronics.de - Shop aus Ditzingen,589.0,2025-04-18 12:33
Liebherr Fc 1404-20,otto.de - Shop aus Hamburg,589.0,2025-04-18 12:33
Liebherr Fc 1404-20,avmarkt-select.de - Shop aus Bensheim,599.0,2025-04-18 12:33
Liebherr Fc 1404-20,expert-technomarkt.de - Shop aus Alling,599.0,2025-04-18 12:33
Liebherr Fc 1404-20,hgw-technik.de - Shop aus Stuttgart,620.0,2025-04-18 12:33
Liebherr Fc 1404-20,expert.de - Shop aus Langenhagen,639.0,2025-04-18 12:33
Bomann GS 7253,technikdirekt.de - Shop aus Würzburg,257.0,2025-04-18 12:33
Bomann GS 7253,alternate.de - Shop aus Linden,259.0,2025-04-18 12:33
Bomann GS 7253,elektroshopwagner.de - Shop aus Nidda,259.95,2025-04-18 12:33
Bomann GS 7253,elektroshopwagner.de - Shop aus Nidda,264.29,2025-04-18 12:33
Bomann GS 7253,alternate.de - Shop aus Linden,269.0,2025-04-18 12:33
Bomann GS 7253,technikdirekt.de - Shop aus Würzburg,271.0,2025-04-18 12:33
Bomann GS 7253,technikdirekt.de - Shop aus Würzburg,271.0,2025-04-18 12:33
Bomann GS 7253,elektroshopwagner.de - Shop aus Nidda,277.88,2025-04-18 12:33
Bomann GS 7253,smartgoods.de - Shop aus Radebeul,282.32,2025-04-18 12:33
Bomann GS 7253,smartgoods.de - Shop aus Radebeul,288.44,2025-04-18 12:33
Bomann GS 7253,Amazon - Shop aus München,289.0,2025-04-18 12:33
Bomann GS 7253,kaufland.de - Shop aus Neckarsulm,289.0,2025-04-18 12:33
Bomann GS 7253,eBay - Shop aus Bern,289.0,2025-04-18 12:33
Bomann GS 7253,Amazon Marketplace - Shop aus Luxemburg,289.99,2025-04-18 12:33
Bomann GS 7253,Amazon - Shop aus München,299.0,2025-04-18 12:33
Bomann GS 7253,kaufland.de - Shop aus Neckarsulm,299.0,2025-04-18 12:33
Bomann GS 7253,mediamarkt.de (Marktplatzhändler) - Shop aus München,299.0,2025-04-18 12:33
Bomann GS 7253,otto.de (Marktplatzhändler) - Shop aus Hamburg,299.0,2025-04-18 12:33
Bomann GS 7253,eBay - Shop aus Bern,299.0,2025-04-18 12:33
Bomann GS 7253,Amazon Marketplace - Shop aus Luxemburg,299.99,2025-04-18 12:33
Exquisit GS231-NF-H-040C,elektroshopwagner.de - Shop aus Nidda,519.0,2025-04-18 12:33
Exquisit GS231-NF-H-040C,eBay - Shop aus Bern,529.0,2025-04-18 12:33
Exquisit GS231-NF-H-040C,energeto.de - Shop aus Arnsberg,538.0,2025-04-18 12:33
Exquisit GS231-NF-H-040C,technikplanet.de - Shop aus Witten,539.0,2025-04-18 12:33
Exquisit GS231-NF-H-040C,smartgoods.de - Shop aus Radebeul,539.95,2025-04-18 12:33
Exquisit GS231-NF-H-040C,euronics.de - Shop aus Ditzingen,549.0,2025-04-18 12:33
Exquisit GS231-NF-H-040C,elektroshopwagner.de - Shop aus Nidda,556.83,2025-04-18 12:33
Exquisit GS231-NF-H-040C,hagebau.de - Shop aus Soltau,559.0,2025-04-18 12:33
Exquisit GS231-NF-H-040C,smartgoods.de - Shop aus Radebeul,567.0,2025-04-18 12:33
Exquisit GS231-NF-H-040C,kaufland.de - Shop aus Neckarsulm,569.99,2025-04-18 12:33
Exquisit GS231-NF-H-040C,Amazon Marketplace - Shop aus Luxemburg,575.84,2025-04-18 12:33
Exquisit GS231-NF-H-040C,metro.de/marktplatz - Shop aus Düsseldorf,583.09,2025-04-18 12:33
Exquisit GS231-NF-H-040C,eBay - Shop aus Bern,586.85,2025-04-18 12:33
Exquisit GS231-NF-H-040C,dealforless.de - Shop aus Heikendorf,589.95,2025-04-18 12:33
Exquisit GS231-NF-H-040C,expert.de - Shop aus Langenhagen,595.28,2025-04-18 12:33
Exquisit GS231-NF-H-040C,dealforless.de - Shop aus Heikendorf,599.95,2025-04-18 12:33
Exquisit GS231-NF-H-040C,Amazon Marketplace - Shop aus Luxemburg,607.9,2025-04-18 12:33
Exquisit GS231-NF-H-040C,kaufland.de - Shop aus Neckarsulm,613.04,2025-04-18 12:33
Exquisit GS231-NF-H-040C,baur.de - Shop aus Burgkunstadt,628.17,2025-04-18 12:33
Exquisit GS231-NF-H-040C,quelle.de - Shop aus Wals-Siezenheim,628.17,2025-04-18 12:33
Gorenje FN4172CW,smartgoods.de - Shop aus Radebeul,347.58,2025-04-18 12:33
Gorenje FN4172CW,mytvshop.de - Shop aus Hohenkammer,365.33,2025-04-18 12:33
Gorenje FN4172CW,alles-mit-stecker.de - Shop aus Hohenkammer,366.52,2025-04-18 12:33
Gorenje FN4172CW,moebelplus.de - Shop aus Mühlau,379.9,2025-04-18 12:33
Gorenje FN4172CW,tecedo.de - Shop aus Wölfersheim,384.0,2025-04-18 12:33
Gorenje FN4172CW,Talk-Point.de - Shop aus Eilenburg,386.99,2025-04-18 12:33
Gorenje FN4172CW,eBay - Shop aus Bern,395.85,2025-04-18 12:33
Gorenje FN4172CW,Amazon - Shop aus München,399.0,2025-04-18 12:33
Gorenje FN4172CW,baur.de - Shop aus Burgkunstadt,399.0,2025-04-18 12:33
Gorenje FN4172CW,quelle.de - Shop aus Wals-Siezenheim,399.0,2025-04-18 12:33
Gorenje FN4172CW,kaufland.de - Shop aus Neckarsulm,399.0,2025-04-18 12:33
Gorenje FN4172CW,expert.de - Shop aus Langenhagen,399.0,2025-04-18 12:33
Gorenje FN4172CW,otto.de - Shop aus Hamburg,399.0,2025-04-18 12:33
Gorenje FN4172CW,wermuth.de - Shop aus Egeln,400.51,2025-04-18 12:33
Gorenje FN4172CW,handelspunkt-schlema.de - Shop aus Bad Schlema,406.0,2025-04-18 12:33
Gorenje FN4172CW,elektrotresen.de - Shop aus Grabow,407.85,2025-04-18 12:33
Gorenje FN4172CW,e-partner-webshop.de/elektroline/ - Shop aus Hagenbach,413.2,2025-04-18 12:33
Gorenje FN4172CW,expert-technomarkt.de - Shop aus Alling,439.0,2025-04-18 12:33
Gorenje FN4172CW,boomstore.de - Shop aus Alling,439.0,2025-04-18 12:33
Gorenje FN4172CW,hai-end.com - Shop aus Magdeburg,440.0,2025-04-18 12:33
Liebherr FNa 6635-20,allesfuerzuhause.de - Shop aus Gera,1403.15,2025-04-18 12:33
Liebherr FNa 6635-20,premiumshop24.de - Shop aus Karlsruhe,1403.65,2025-04-18 12:33
Liebherr FNa 6635-20,bobselektro.de - Shop aus Hamburg,1422.0,2025-04-18 12:33
Liebherr FNa 6635-20,wermuth.de - Shop aus Egeln,1422.5,2025-04-18 12:33
Liebherr FNa 6635-20,hamp-hausgeraete.de - Shop aus Essen,1422.55,2025-04-18 12:33
Liebherr FNa 6635-20,euronics.de - Shop aus Ditzingen,1441.0,2025-04-18 12:33
Liebherr FNa 6635-20,hgw-technik.de - Shop aus Stuttgart,1459.0,2025-04-18 12:33
Liebherr FNa 6635-20,expert-technomarkt.de - Shop aus Alling,1555.0,2025-04-18 12:33
Liebherr FNa 6635-20,mediamarkt.de - Shop aus Ingolstadt,1555.0,2025-04-18 12:33
Liebherr FNa 6635-20,holzleitner.de - Shop aus Mönchengladbach,1599.0,2025-04-18 12:33
Liebherr FNa 6635-20,avmarkt-select.de - Shop aus Bensheim,1599.99,2025-04-18 12:33
Liebherr FNa 6635-20,expert.de - Shop aus Langenhagen,1699.0,2025-04-18 12:33
Siemens GS51NAWC,allesfuerzuhause.de - Shop aus Gera,761.91,2025-04-18 12:33
Siemens GS51NAWC,mybauer.de - Shop aus Schöllnach,773.43,2025-04-18 12:33
Siemens GS51NAWC,meinkuechenstudio.de - Shop aus Schöllnach,773.43,2025-04-18 12:33
Siemens GS51NAWC,euronics.de - Shop aus Ditzingen,777.0,2025-04-18 12:33
Siemens GS51NAWC,alternate.de - Shop aus Linden,789.0,2025-04-18 12:33
Siemens GS51NAWC,tecedo.de - Shop aus Wölfersheim,798.0,2025-04-18 12:33
Siemens GS51NAWC,elektro-bruhn.de - Shop aus Weinstadt,799.0,2025-04-18 12:33
Siemens GS51NAWC,smartgoods.de - Shop aus Radebeul,801.82,2025-04-18 12:33
Siemens GS51NAWC,tandmore.de - Shop aus Plauen,804.23,2025-04-18 12:33
Siemens GS51NAWC,handelspunkt-schlema.de - Shop aus Bad Schlema,816.0,2025-04-18 12:33
Siemens GS51NAWC,eBay - Shop aus Bern,824.45,2025-04-18 12:33
Siemens GS51NAWC,Talk-Point.de - Shop aus Eilenburg,834.99,2025-04-18 12:33
Siemens GS51NAWC,elektroshopwagner.de - Shop aus Nidda,843.99,2025-04-18 12:33
Siemens GS51NAWC,Amazon Marketplace - Shop aus Luxemburg,844.0,2025-04-18 12:33
Siemens GS51NAWC,mars-media-elektronik.de - Shop aus Simbach am Inn,848.0,2025-04-18 12:33
Siemens GS51NAWC,galaxus.de - Shop aus Hamburg,848.99,2025-04-18 12:33
Siemens GS51NAWC,baur.de - Shop aus Burgkunstadt,848.99,2025-04-18 12:33
Siemens GS51NAWC,quelle.de - Shop aus Wals-Siezenheim,848.99,2025-04-18 12:33
Siemens GS51NAWC,otto.de - Shop aus Hamburg,848.99,2025-04-18 12:33
Siemens GS51NAWC,hamp-hausgeraete.de - Shop aus Essen,867.0,2025-04-18 12:33
Beko RFNE448E45W,smartgoods.de - Shop aus Radebeul,648.1,2025-04-18 12:33
Beko RFNE448E45W,eBay - Shop aus Bern,648.95,2025-04-18 12:33
Beko RFNE448E45W,konzept-kuechen.de - Shop aus Detmold,650.0,2025-04-18 12:33
Beko RFNE448E45W,energeto.de - Shop aus Arnsberg,695.0,2025-04-18 12:33
Beko RFNE448E45W,kuechentechnik-mueller.de - Shop aus Detmold,695.0,2025-04-18 12:33
Beko RFNE448E45W,berlet.de - Shop aus Hagen,699.0,2025-04-18 12:33
Beko RFNE448E45W,euronics.de - Shop aus Ditzingen,699.0,2025-04-18 12:33
Beko RFNE448E45W,technikplanet.de - Shop aus Witten,699.0,2025-04-18 12:33
Beko RFNE448E45W,alternate.de - Shop aus Linden,699.0,2025-04-18 12:33
Beko RFNE448E45W,expert.de - Shop aus Langenhagen,699.98,2025-04-18 12:33
Beko RFNE448E45W,mediamarkt.de - Shop aus Ingolstadt,699.99,2025-04-18 12:33
Beko RFNE448E45W,baur.de - Shop aus Burgkunstadt,715.68,2025-04-18 12:33
Beko RFNE448E45W,quelle.de - Shop aus Wals-Siezenheim,715.68,2025-04-18 12:33
Beko RFNE448E45W,otto.de - Shop aus Hamburg,715.68,2025-04-18 12:33
Beko RFNE448E45W,elektroshopwagner.de - Shop aus Nidda,731.14,2025-04-18 12:33
Beko RFNE448E45W,Amazon - Shop aus München,738.9,2025-04-18 12:33
Beko RFNE448E45W,technikdirekt.de - Shop aus Würzburg,748.0,2025-04-18 12:33
Beko RFNE448E45W,kaufland.de - Shop aus Neckarsulm,835.2,2025-04-18 12:33
Beko RFNE448E45W,Amazon Marketplace - Shop aus Luxemburg,835.89,2025-04-18 12:33
Beko RFNE448E45W,ardebo.de - Shop aus Laucha an der Unstrut,940.76,2025-04-18 12:33
Bosch GSN54AWCV,mybauer.de - Shop aus Schöllnach,774.67,2025-04-18 12:33
Bosch GSN54AWCV,meinkuechenstudio.de - Shop aus Schöllnach,774.67,2025-04-18 12:33
Bosch GSN54AWCV,alternate.de - Shop aus Linden,779.0,2025-04-18 12:33
Bosch GSN54AWCV,allesfuerzuhause.de - Shop aus Gera,793.46,2025-04-18 12:33
Bosch GSN54AWCV,euronics.de - Shop aus Ditzingen,793.46,2025-04-18 12:33
Bosch GSN54AWCV,energeto.de - Shop aus Arnsberg,798.0,2025-04-18 12:33
Bosch GSN54AWCV,computeruniverse.net - Shop aus Bad Homburg,799.0,2025-04-18 12:33
Bosch GSN54AWCV,cyberport.de - Shop aus Dresden,799.0,2025-04-18 12:33
Bosch GSN54AWCV,elektroshopwagner.de - Shop aus Nidda,819.0,2025-04-18 12:33
Bosch GSN54AWCV,eBay - Shop aus Bern,835.05,2025-04-18 12:33
Bosch GSN54AWCV,technikplanet.de - Shop aus Witten,838.0,2025-04-18 12:33
Bosch GSN54AWCV,mars-media-elektronik.de - Shop aus Simbach am Inn,838.0,2025-04-18 12:33
Bosch GSN54AWCV,hornbach.de - Shop aus Bornheim bei Landau/Pfalz,843.0,2025-04-18 12:33
Bosch GSN54AWCV,tecedo.de - Shop aus Wölfersheim,852.0,2025-04-18 12:33
Bosch GSN54AWCV,kaufland.de - Shop aus Neckarsulm,852.58,2025-04-18 12:33
Bosch GSN54AWCV,hamp-hausgeraete.de - Shop aus Essen,853.0,2025-04-18 12:33
Bosch GSN54AWCV,monbeck.de - Shop aus Pohlheim,855.0,2025-04-18 12:33
Bosch GSN54AWCV,handelspunkt-schlema.de - Shop aus Bad Schlema,863.0,2025-04-18 12:33
Bosch GSN54AWCV,elektrokoeck.com - Shop aus Wien,869.0,2025-04-18 12:33
Bosch GSN54AWCV,smartgoods.de - Shop aus Radebeul,876.2,2025-04-18 12:33
Medion MD 37675,Amazon Marketplace - Shop aus Luxemburg,119.95,2025-04-18 12:34
Medion MD 37675,Amazon Marketplace - Shop aus Luxemburg,119.95,2025-04-18 12:34
Medion MD 37675,kaufland.de - Shop aus Neckarsulm,119.95,2025-04-18 12:34
Medion MD 37675,kaufland.de - Shop aus Neckarsulm,119.95,2025-04-18 12:34
Medion MD 37675,mediamarkt.de (Marktplatzhändler) - Shop aus München,119.95,2025-04-18 12:34
Medion MD 37675,medion.com/de/shop - Shop aus Essen,119.95,2025-04-18 12:34
Medion MD 37675,medion.com/de/shop - Shop aus Essen,119.95,2025-04-18 12:34
Medion MD 37675,otto.de (Marktplatzhändler) - Shop aus Hamburg,119.95,2025-04-18 12:34
Medion MD 37675,otto.de (Marktplatzhändler) - Shop aus Hamburg,119.95,2025-04-18 12:34
Medion MD 37675,eBay - Shop aus Bern,119.95,2025-04-18 12:34
Medion MD 37675,eBay - Shop aus Bern,119.95,2025-04-18 12:34
Amica GS 321 130,handelspunkt-schlema.de - Shop aus Bad Schlema,377.0,2025-04-18 12:34
Amica GS 321 130,elektroshopwagner.de - Shop aus Nidda,385.62,2025-04-18 12:34
Amica GS 321 130,eBay - Shop aus Bern,416.62,2025-04-18 12:34
Amica GS 321 130,hornbach.de - Shop aus Bornheim bei Landau/Pfalz,429.0,2025-04-18 12:34
Amica GS 321 130,kaufland.de - Shop aus Neckarsulm,429.0,2025-04-18 12:34
Amica GS 321 130,Amazon Marketplace - Shop aus Luxemburg,438.43,2025-04-18 12:34
Amica GS 321 130,otto.de (Marktplatzhändler) - Shop aus Hamburg,492.61,2025-04-18 12:34
Amica GS 321 130,ardebo.de - Shop aus Laucha an der Unstrut,498.5,2025-04-18 12:34
Amica GS 321 130,expert.de - Shop aus Langenhagen,799.0,2025-04-18 12:34
Exquisit GB40-050C,kaufland.de - Shop aus Neckarsulm,119.96,2025-04-18 12:34
Exquisit GB40-050C,allesfuerzuhause.de - Shop aus Gera,133.99,2025-04-18 12:34
Exquisit GB40-050C,smartgoods.de - Shop aus Radebeul,134.49,2025-04-18 12:34
Exquisit GB40-050C,eBay - Shop aus Bern,138.94,2025-04-18 12:34
Exquisit GB40-050C,euronics.de - Shop aus Ditzingen,139.0,2025-04-18 12:34
Exquisit GB40-050C,ep.de - Shop aus Düsseldorf,149.99,2025-04-18 12:34
Exquisit GB40-050C,Amazon Marketplace - Shop aus Luxemburg,158.1,2025-04-18 12:34
Exquisit GB40-050C,mars-media-elektronik.de - Shop aus Simbach am Inn,179.0,2025-04-18 12:34
Exquisit GB40-050C,xxl-resch.at (DE) - Shop aus Braunau,350.0,2025-04-18 12:34
Gorenje FN619DA,smartgoods.de - Shop aus Radebeul,589.73,2025-04-18 12:34
Gorenje FN619DA,tandmore.de - Shop aus Plauen,592.25,2025-04-18 12:34
Gorenje FN619DA,alternate.de - Shop aus Linden,599.0,2025-04-18 12:34
Gorenje FN619DA,euronics.de - Shop aus Ditzingen,608.11,2025-04-18 12:34
Gorenje FN619DA,expert.de - Shop aus Langenhagen,608.11,2025-04-18 12:34
Gorenje FN619DA,handelspunkt-schlema.de - Shop aus Bad Schlema,619.0,2025-04-18 12:34
Gorenje FN619DA,allesfuerzuhause.de - Shop aus Gera,619.49,2025-04-18 12:34
Gorenje FN619DA,mediamarkt.de - Shop aus Ingolstadt,619.99,2025-04-18 12:34
Gorenje FN619DA,otto.de - Shop aus Hamburg,619.99,2025-04-18 12:34
Gorenje FN619DA,eBay - Shop aus Bern,619.99,2025-04-18 12:34
Gorenje FN619DA,quelle.de - Shop aus Wals-Siezenheim,623.49,2025-04-18 12:34
Gorenje FN619DA,kaufland.de - Shop aus Neckarsulm,628.48,2025-04-18 12:34
Gorenje FN619DA,otto.de - Shop aus Hamburg,635.35,2025-04-18 12:34
Gorenje FN619DA,quelle.de - Shop aus Wals-Siezenheim,636.85,2025-04-18 12:34
Gorenje FN619DA,smartgoods.de - Shop aus Radebeul,640.6,2025-04-18 12:34
Gorenje FN619DA,Amazon - Shop aus München,642.04,2025-04-18 12:34
Gorenje FN619DA,wermuth.de - Shop aus Egeln,643.99,2025-04-18 12:34
Gorenje FN619DA,boomstore.de - Shop aus Alling,651.0,2025-04-18 12:34
Gorenje FN619DA,metro.de/marktplatz - Shop aus Düsseldorf,654.49,2025-04-18 12:34
Gorenje FN619DA,Amazon - Shop aus München,659.89,2025-04-18 12:34
Liebherr FE 1414-20,mediamarkt.de - Shop aus Ingolstadt,399.99,2025-04-18 12:34
Liebherr FE 1414-20,allesfuerzuhause.de - Shop aus Gera,437.5,2025-04-18 12:34
Liebherr FE 1414-20,wermuth.de - Shop aus Egeln,438.0,2025-04-18 12:34
Liebherr FE 1414-20,otto.de - Shop aus Hamburg,439.0,2025-04-18 12:34
Liebherr FE 1414-20,euronics.de - Shop aus Ditzingen,449.0,2025-04-18 12:34
Liebherr FE 1414-20,holzleitner.de - Shop aus Mönchengladbach,449.0,2025-04-18 12:34
Liebherr FE 1414-20,hgw-technik.de - Shop aus Stuttgart,478.0,2025-04-18 12:34
Liebherr FE 1414-20,avmarkt-select.de - Shop aus Bensheim,478.95,2025-04-18 12:34
Liebherr FE 1414-20,premiumshop24.de - Shop aus Karlsruhe,479.0,2025-04-18 12:34
Liebherr FE 1414-20,expert.de - Shop aus Langenhagen,479.0,2025-04-18 12:34
Liebherr FNd 4655-20,expert.de - Shop aus Langenhagen,899.0,2025-04-18 12:34
Liebherr FNd 4655-20,hamp-hausgeraete.de - Shop aus Essen,989.55,2025-04-18 12:34
Liebherr FNd 4655-20,holzleitner.de - Shop aus Mönchengladbach,999.0,2025-04-18 12:34
Liebherr FNd 4655-20,premiumshop24.de - Shop aus Karlsruhe,1056.55,2025-04-18 12:34
Liebherr FNd 4655-20,wermuth.de - Shop aus Egeln,1063.99,2025-04-18 12:34
Liebherr FNd 4655-20,euronics.de - Shop aus Ditzingen,1099.0,2025-04-18 12:34
Liebherr FNd 4655-20,baur.de - Shop aus Burgkunstadt,1169.0,2025-04-18 12:34
Liebherr FNd 4655-20,otto.de - Shop aus Hamburg,1169.0,2025-04-18 12:34
Liebherr FNd 4655-20,plag-haustechnik.de - Shop aus Schwalmstadt,1179.0,2025-04-18 12:34
Liebherr FNd 4655-20,Amazon Marketplace - Shop aus Luxemburg,1689.99,2025-04-18 12:34
Liebherr FNd 4224-22,mediamarkt.de - Shop aus Ingolstadt,649.0,2025-04-18 12:34
Liebherr FNd 4224-22,coolblue.de - Shop aus Düsseldorf,666.0,2025-04-18 12:34
Liebherr FNd 4224-22,bobselektro.de - Shop aus Hamburg,676.0,2025-04-18 12:34
Liebherr FNd 4224-22,premiumshop24.de - Shop aus Karlsruhe,676.14,2025-04-18 12:34
Liebherr FNd 4224-22,euronics.de - Shop aus Ditzingen,679.0,2025-04-18 12:34
Liebherr FNd 4224-22,expert-technomarkt.de - Shop aus Alling,699.0,2025-04-18 12:34
Liebherr FNd 4224-22,wermuth.de - Shop aus Egeln,718.9,2025-04-18 12:34
Liebherr FNd 4224-22,avmarkt-select.de - Shop aus Bensheim,719.55,2025-04-18 12:34
Liebherr FNd 4224-22,hamp-hausgeraete.de - Shop aus Essen,719.55,2025-04-18 12:34
Liebherr FNd 4224-22,baur.de - Shop aus Burgkunstadt,739.0,2025-04-18 12:34
Liebherr FNd 4224-22,holzleitner.de - Shop aus Mönchengladbach,739.0,2025-04-18 12:34
Liebherr FNd 4224-22,otto.de - Shop aus Hamburg,739.0,2025-04-18 12:34
Liebherr FNd 4224-22,hgw-technik.de - Shop aus Stuttgart,769.0,2025-04-18 12:34
Liebherr FNd 4224-22,expert.de - Shop aus Langenhagen,799.0,2025-04-18 12:34
Liebherr FNd 4224-22,Amazon Marketplace - Shop aus Luxemburg,956.99,2025-04-18 12:34
Liebherr FNe 1404-20,allesfuerzuhause.de - Shop aus Gera,569.45,2025-04-18 12:35
Liebherr FNe 1404-20,premiumshop24.de - Shop aus Karlsruhe,569.95,2025-04-18 12:35
Liebherr FNe 1404-20,baur.de - Shop aus Burgkunstadt,579.0,2025-04-18 12:35
Liebherr FNe 1404-20,otto.de - Shop aus Hamburg,579.0,2025-04-18 12:35
Liebherr FNe 1404-20,wermuth.de - Shop aus Egeln,618.95,2025-04-18 12:35
Liebherr FNe 1404-20,hgw-technik.de - Shop aus Stuttgart,618.95,2025-04-18 12:35
Liebherr FNe 1404-20,avmarkt-select.de - Shop aus Bensheim,627.0,2025-04-18 12:35
Liebherr FNe 1404-20,euronics.de - Shop aus Ditzingen,629.0,2025-04-18 12:35
Liebherr FNe 1404-20,expert.de - Shop aus Langenhagen,629.0,2025-04-18 12:35
Liebherr FNc 4625-20,allesfuerzuhause.de - Shop aus Gera,844.89,2025-04-18 12:35
Liebherr FNc 4625-20,premiumshop24.de - Shop aus Karlsruhe,845.39,2025-04-18 12:35
Liebherr FNc 4625-20,bobselektro.de - Shop aus Hamburg,889.0,2025-04-18 12:35
Liebherr FNc 4625-20,wermuth.de - Shop aus Egeln,889.89,2025-04-18 12:35
Liebherr FNc 4625-20,hamp-hausgeraete.de - Shop aus Essen,890.05,2025-04-18 12:35
Liebherr FNc 4625-20,euronics.de - Shop aus Ditzingen,899.0,2025-04-18 12:35
Liebherr FNc 4625-20,holzleitner.de - Shop aus Mönchengladbach,899.0,2025-04-18 12:35
Liebherr FNc 4625-20,avmarkt-select.de - Shop aus Bensheim,935.0,2025-04-18 12:35
Liebherr FNc 4625-20,hgw-technik.de - Shop aus Stuttgart,935.0,2025-04-18 12:35
Liebherr FNc 4625-20,expert.de - Shop aus Langenhagen,999.0,2025-04-18 12:35
Liebherr FNa 6625 Plus,avmarkt-select.de - Shop aus Bensheim,1397.0,2025-04-18 12:35
Liebherr FNa 6625 Plus,expert-technomarkt.de - Shop aus Alling,1397.0,2025-04-18 12:35
Liebherr FNa 6625 Plus,coolblue.de - Shop aus Düsseldorf,1399.0,2025-04-18 12:35
Liebherr FNa 6625 Plus,hgw-technik.de - Shop aus Stuttgart,1399.0,2025-04-18 12:35
Liebherr FNa 6625 Plus,holzleitner.de - Shop aus Mönchengladbach,1399.0,2025-04-18 12:35
Liebherr FNa 6625 Plus,euronics.de - Shop aus Ditzingen,1449.0,2025-04-18 12:35
Liebherr FNa 6625 Plus,expert.de - Shop aus Langenhagen,1449.0,2025-04-18 12:35
Liebherr FNa 6625 Plus,otto.de - Shop aus Hamburg,1539.0,2025-04-18 12:35
Siemens GS54NAWCV,energeto.de - Shop aus Arnsberg,779.0,2025-04-18 12:35
Siemens GS54NAWCV,computeruniverse.net - Shop aus Bad Homburg,789.0,2025-04-18 12:35
Siemens GS54NAWCV,cyberport.de - Shop aus Dresden,789.0,2025-04-18 12:35
Siemens GS54NAWCV,allesfuerzuhause.de - Shop aus Gera,791.38,2025-04-18 12:35
Siemens GS54NAWCV,euronics.de - Shop aus Ditzingen,791.38,2025-04-18 12:35
Siemens GS54NAWCV,mybauer.de - Shop aus Schöllnach,791.66,2025-04-18 12:35
Siemens GS54NAWCV,meinkuechenstudio.de - Shop aus Schöllnach,791.66,2025-04-18 12:35
Siemens GS54NAWCV,alternate.de - Shop aus Linden,799.0,2025-04-18 12:35
Siemens GS54NAWCV,technikplanet.de - Shop aus Witten,819.0,2025-04-18 12:35
Siemens GS54NAWCV,ascasa.de - Shop aus Höhenkirchen-Siegertsbrunn,829.0,2025-04-18 12:35
Siemens GS54NAWCV,tecedo.de - Shop aus Wölfersheim,844.0,2025-04-18 12:35
Siemens GS54NAWCV,eBay - Shop aus Bern,845.0,2025-04-18 12:35
Siemens GS54NAWCV,kaufland.de - Shop aus Neckarsulm,855.0,2025-04-18 12:35
Siemens GS54NAWCV,Amazon - Shop aus München,858.49,2025-04-18 12:35
Siemens GS54NAWCV,galaxus.de - Shop aus Hamburg,858.49,2025-04-18 12:35
Siemens GS54NAWCV,smartgoods.de - Shop aus Radebeul,863.32,2025-04-18 12:35
Siemens GS54NAWCV,monbeck.de - Shop aus Pohlheim,865.0,2025-04-18 12:35
Siemens GS54NAWCV,metro.de/marktplatz - Shop aus Düsseldorf,868.69,2025-04-18 12:35
Siemens GS54NAWCV,wermuth.de - Shop aus Egeln,873.29,2025-04-18 12:35
Siemens GS54NAWCV,elektro-bruhn.de - Shop aus Weinstadt,878.0,2025-04-18 12:35
Bosch GTV15NWEB,homeofkitchen.shop - Shop aus Friedberg,281.67,2025-04-18 12:35
Bosch GTV15NWEB,mybauer.de - Shop aus Schöllnach,283.01,2025-04-18 12:35
Bosch GTV15NWEB,euronics.de - Shop aus Ditzingen,284.51,2025-04-18 12:35
Bosch GTV15NWEB,eBay - Shop aus Bern,295.89,2025-04-18 12:35
Bosch GTV15NWEB,smartgoods.de - Shop aus Radebeul,299.48,2025-04-18 12:35
Bosch GTV15NWEB,duke-handel.de - Shop aus Würzburg,299.99,2025-04-18 12:35
Bosch GTV15NWEB,mediamarkt.de - Shop aus Ingolstadt,299.99,2025-04-18 12:35
Bosch GTV15NWEB,expert.de - Shop aus Langenhagen,302.27,2025-04-18 12:35
Bosch GTV15NWEB,ascasa.de - Shop aus Höhenkirchen-Siegertsbrunn,303.0,2025-04-18 12:35
Bosch GTV15NWEB,tecedo.de - Shop aus Wölfersheim,306.0,2025-04-18 12:35
Bosch GTV15NWEB,technikdirekt.de - Shop aus Würzburg,313.0,2025-04-18 12:35
Bosch GTV15NWEB,alternate.de - Shop aus Linden,315.0,2025-04-18 12:35
Bosch GTV15NWEB,mytvshop.de - Shop aus Hohenkammer,317.73,2025-04-18 12:35
Bosch GTV15NWEB,kaufland.de - Shop aus Neckarsulm,318.62,2025-04-18 12:35
Bosch GTV15NWEB,alles-mit-stecker.de - Shop aus Hohenkammer,318.92,2025-04-18 12:35
Bosch GTV15NWEB,allesfuerzuhause.de - Shop aus Gera,329.49,2025-04-18 12:35
Bosch GTV15NWEB,boomstore.de - Shop aus Alling,333.0,2025-04-18 12:35
Bosch GTV15NWEB,moebelplus.de - Shop aus Mühlau,334.9,2025-04-18 12:35
Bosch GTV15NWEB,expert-technomarkt.de - Shop aus Alling,336.0,2025-04-18 12:35
Bosch GTV15NWEB,wermuth.de - Shop aus Egeln,337.77,2025-04-18 12:35
Amica GS 324 190,handelspunkt-schlema.de - Shop aus Bad Schlema,439.0,2025-04-18 12:35
Amica GS 324 190,hornbach.de - Shop aus Bornheim bei Landau/Pfalz,439.0,2025-04-18 12:35
Amica GS 324 190,kaufland.de - Shop aus Neckarsulm,439.0,2025-04-18 12:35
Amica GS 324 190,elektroshopwagner.de - Shop aus Nidda,458.95,2025-04-18 12:35
Amica GS 324 190,otto.de - Shop aus Hamburg,459.99,2025-04-18 12:35
Amica GS 324 190,baur.de - Shop aus Burgkunstadt,460.04,2025-04-18 12:35
Amica GS 324 190,quelle.de - Shop aus Wals-Siezenheim,460.04,2025-04-18 12:35
Amica GS 324 190,eBay - Shop aus Bern,467.98,2025-04-18 12:35
Amica GS 324 190,Amazon Marketplace - Shop aus Luxemburg,513.97,2025-04-18 12:35
Amica GS 324 190,ardebo.de - Shop aus Laucha an der Unstrut,592.36,2025-04-18 12:35
Gorenje FN619DAXL6,smartgoods.de - Shop aus Radebeul,589.73,2025-04-18 12:35
Gorenje FN619DAXL6,tandmore.de - Shop aus Plauen,592.25,2025-04-18 12:35
Gorenje FN619DAXL6,alternate.de - Shop aus Linden,599.0,2025-04-18 12:35
Gorenje FN619DAXL6,euronics.de - Shop aus Ditzingen,608.11,2025-04-18 12:35
Gorenje FN619DAXL6,expert.de - Shop aus Langenhagen,608.11,2025-04-18 12:35
Gorenje FN619DAXL6,handelspunkt-schlema.de - Shop aus Bad Schlema,619.0,2025-04-18 12:35
Gorenje FN619DAXL6,allesfuerzuhause.de - Shop aus Gera,619.49,2025-04-18 12:35
Gorenje FN619DAXL6,mediamarkt.de - Shop aus Ingolstadt,619.99,2025-04-18 12:35
Gorenje FN619DAXL6,otto.de - Shop aus Hamburg,619.99,2025-04-18 12:35
Gorenje FN619DAXL6,eBay - Shop aus Bern,619.99,2025-04-18 12:35
Gorenje FN619DAXL6,quelle.de - Shop aus Wals-Siezenheim,623.49,2025-04-18 12:35
Gorenje FN619DAXL6,Amazon - Shop aus München,642.04,2025-04-18 12:35
Gorenje FN619DAXL6,wermuth.de - Shop aus Egeln,643.99,2025-04-18 12:35
Gorenje FN619DAXL6,boomstore.de - Shop aus Alling,651.0,2025-04-18 12:35
Gorenje FN619DAXL6,metro.de/marktplatz - Shop aus Düsseldorf,654.49,2025-04-18 12:35
Gorenje FN619DAXL6,expert-technomarkt.de - Shop aus Alling,669.0,2025-04-18 12:35
Gorenje FN619DAXL6,elektroshopwagner.de - Shop aus Nidda,681.13,2025-04-18 12:35
Gorenje FN619DAXL6,Amazon Marketplace - Shop aus Luxemburg,704.67,2025-04-18 12:35
Gorenje FN619DAXL6,kaufland.de - Shop aus Neckarsulm,735.99,2025-04-18 12:35
Gorenje FN619DAXL6,netto-online.de - Shop aus Maxhütte-Haidhof,768.95,2025-04-18 12:35
Bomann GB 341 A++ weiß,moebel-kraft.de - Shop aus Schönefeld,114.0,2025-04-18 12:35
Bomann GB 341 A++ weiß,hoeffner.de - Shop aus Schönefeld,114.0,2025-04-18 12:35
Bomann GB 341 A++ weiß,Amazon Marketplace - Shop aus Luxemburg,114.95,2025-04-18 12:35
Bomann GB 341 A++ weiß,mytvshop.de - Shop aus Hohenkammer,122.81,2025-04-18 12:35
Bomann GB 341 A++ weiß,euronics.de - Shop aus Ditzingen,126.3,2025-04-18 12:35
Bomann GB 341 A++ weiß,expert.de - Shop aus Langenhagen,131.25,2025-04-18 12:35
Bomann GB 341 A++ weiß,Amazon - Shop aus München,138.24,2025-04-18 12:35
Bomann GB 341 A++ weiß,kaufland.de - Shop aus Neckarsulm,139.0,2025-04-18 12:35
Bomann GB 341 A++ weiß,otto.de (Marktplatzhändler) - Shop aus Hamburg,139.0,2025-04-18 12:35
Bomann GB 341 A++ weiß,eBay - Shop aus Bern,139.0,2025-04-18 12:35
Bomann GB 341 A++ weiß,elektroshopwagner.de - Shop aus Nidda,152.88,2025-04-18 12:35
Bomann GB 341 A++ weiß,smartgoods.de - Shop aus Radebeul,155.17,2025-04-18 12:35
Bomann GB 341 A++ weiß,sport-tec.de - Shop aus Pirmasens,179.95,2025-04-18 12:35
Bomann GB 341 A++ weiß,voelkner.de (Marktplatzhändler) - Shop aus Nürnberg,189.9,2025-04-18 12:35
Bomann GB 341 A++ weiß,price-guard.de - Shop aus Schönberg,200.9,2025-04-18 12:35
Bomann GB 341 A++ weiß,ardebo.de - Shop aus Laucha an der Unstrut,211.29,2025-04-18 12:35
Hisense FV298N4AWC,Amazon - Shop aus München,620.0,2025-04-18 12:36
Hisense FV298N4AWC,expert.de - Shop aus Langenhagen,629.0,2025-04-18 12:36
Hisense FV298N4AWC,alternate.de - Shop aus Linden,649.0,2025-04-18 12:36
Hisense FV298N4AWC,eBay - Shop aus Bern,659.99,2025-04-18 12:36
Hisense FV298N4AWC,kaufland.de - Shop aus Neckarsulm,674.95,2025-04-18 12:36
Hisense FV298N4AWC,euronics.de - Shop aus Ditzingen,699.0,2025-04-18 12:36
Hisense FV298N4AWC,netto-online.de - Shop aus Maxhütte-Haidhof,732.95,2025-04-18 12:36
Hisense FV298N4AWC,Amazon Marketplace - Shop aus Luxemburg,763.43,2025-04-18 12:36
Hisense FV298N4AWC,otto.de (Marktplatzhändler) - Shop aus Hamburg,789.27,2025-04-18 12:36
Exquisit GB60-150E,eBay - Shop aus Bern,166.47,2025-04-18 12:36
Exquisit GB60-150E,smartgoods.de - Shop aus Radebeul,167.0,2025-04-18 12:36
Exquisit GB60-150E,elektroshopwagner.de - Shop aus Nidda,168.45,2025-04-18 12:36
Exquisit GB60-150E,euronics.de - Shop aus Ditzingen,169.0,2025-04-18 12:36
Exquisit GB60-150E,expert.de - Shop aus Langenhagen,169.0,2025-04-18 12:36
Exquisit GB60-150E,Amazon Marketplace - Shop aus Luxemburg,172.4,2025-04-18 12:36
Exquisit GB60-150E,0815.eu - Shop aus Wien,172.48,2025-04-18 12:36
Exquisit GB60-150E,otto.de - Shop aus Hamburg,177.03,2025-04-18 12:36
Exquisit GB60-150E,hagebau.de - Shop aus Soltau,179.0,2025-04-18 12:36
Exquisit GB60-150E,elektroshopwagner.de - Shop aus Nidda,179.06,2025-04-18 12:36
Exquisit GB60-150E,ep.de - Shop aus Düsseldorf,179.99,2025-04-18 12:36
Exquisit GB60-150E,kaufland.de - Shop aus Neckarsulm,181.15,2025-04-18 12:36
Exquisit GB60-150E,elektro-bruhn.de - Shop aus Weinstadt,199.0,2025-04-18 12:36
Exquisit GB60-150E,price-guard.de - Shop aus Schönberg,204.9,2025-04-18 12:36
Exquisit GB60-150E,metro.de/marktplatz - Shop aus Düsseldorf,209.95,2025-04-18 12:36
Exquisit GB60-150E,otto.de (Marktplatzhändler) - Shop aus Hamburg,228.9,2025-04-18 12:36
Exquisit GB60-150E,ardebo.de - Shop aus Laucha an der Unstrut,228.94,2025-04-18 12:36
Exquisit GB60-150E,ardebo.de - Shop aus Laucha an der Unstrut,243.05,2025-04-18 12:36
Liebherr FNd4625-22,premiumshop24.de - Shop aus Karlsruhe,708.63,2025-04-18 12:36
Liebherr FNd4625-22,coolblue.de - Shop aus Düsseldorf,709.0,2025-04-18 12:36
Liebherr FNd4625-22,bobselektro.de - Shop aus Hamburg,733.99,2025-04-18 12:36
Liebherr FNd4625-22,mediamarkt.de - Shop aus Ingolstadt,749.99,2025-04-18 12:36
Liebherr FNd4625-22,wermuth.de - Shop aus Egeln,764.98,2025-04-18 12:36
Liebherr FNd4625-22,euronics.de - Shop aus Ditzingen,777.0,2025-04-18 12:36
Liebherr FNd4625-22,allesfuerzuhause.de - Shop aus Gera,778.0,2025-04-18 12:36
Liebherr FNd4625-22,avmarkt-select.de - Shop aus Bensheim,789.89,2025-04-18 12:36
Liebherr FNd4625-22,baur.de - Shop aus Burgkunstadt,799.0,2025-04-18 12:36
Liebherr FNd4625-22,otto.de - Shop aus Hamburg,799.0,2025-04-18 12:36
Liebherr FNd4625-22,hgw-technik.de - Shop aus Stuttgart,829.0,2025-04-18 12:36
Liebherr FNd4625-22,holzleitner.de - Shop aus Mönchengladbach,829.0,2025-04-18 12:36
Liebherr FNd4625-22,expert.de - Shop aus Langenhagen,879.0,2025-04-18 12:36
Liebherr FNd4625-22,Amazon Marketplace - Shop aus Luxemburg,1009.99,2025-04-18 12:36
Siemens GS58NAWDV,alternate.de - Shop aus Linden,729.0,2025-04-18 12:36
Siemens GS58NAWDV,mybauer.de - Shop aus Schöllnach,748.28,2025-04-18 12:36
Siemens GS58NAWDV,meinkuechenstudio.de - Shop aus Schöllnach,748.28,2025-04-18 12:36
Siemens GS58NAWDV,computeruniverse.net - Shop aus Bad Homburg,766.0,2025-04-18 12:36
Siemens GS58NAWDV,cyberport.de - Shop aus Dresden,766.0,2025-04-18 12:36
Siemens GS58NAWDV,ascasa.de - Shop aus Höhenkirchen-Siegertsbrunn,767.0,2025-04-18 12:36
Siemens GS58NAWDV,euronics.de - Shop aus Ditzingen,784.0,2025-04-18 12:36
Siemens GS58NAWDV,elektroshopwagner.de - Shop aus Nidda,795.04,2025-04-18 12:36
Siemens GS58NAWDV,Amazon - Shop aus München,795.39,2025-04-18 12:36
Siemens GS58NAWDV,galaxus.de - Shop aus Hamburg,795.39,2025-04-18 12:36
Siemens GS58NAWDV,wermuth.de - Shop aus Egeln,808.33,2025-04-18 12:36
Siemens GS58NAWDV,allesfuerzuhause.de - Shop aus Gera,828.92,2025-04-18 12:36
Siemens GS58NAWDV,smartgoods.de - Shop aus Radebeul,829.59,2025-04-18 12:36
Siemens GS58NAWDV,psi24.com - Shop aus Friedrichshafen,836.0,2025-04-18 12:36
Siemens GS58NAWDV,expert.de - Shop aus Langenhagen,837.41,2025-04-18 12:36
Siemens GS58NAWDV,handelspunkt-schlema.de - Shop aus Bad Schlema,846.0,2025-04-18 12:36
Siemens GS58NAWDV,mediamarkt.de - Shop aus Ingolstadt,849.99,2025-04-18 12:36
Siemens GS58NAWDV,eBay - Shop aus Bern,849.99,2025-04-18 12:36
Siemens GS58NAWDV,tecedo.de - Shop aus Wölfersheim,862.0,2025-04-18 12:36
Siemens GS58NAWDV,netto-online.de - Shop aus Maxhütte-Haidhof,868.95,2025-04-18 12:36
Bosch GSN29VWEP,alternate.de - Shop aus Linden,499.0,2025-04-18 12:36
Bosch GSN29VWEP,wermuth.de - Shop aus Egeln,555.25,2025-04-18 12:36
Bosch GSN29VWEP,coolblue.de - Shop aus Düsseldorf,559.0,2025-04-18 12:36
Bosch GSN29VWEP,hornbach.de - Shop aus Bornheim bei Landau/Pfalz,559.0,2025-04-18 12:36
Bosch GSN29VWEP,computeruniverse.net - Shop aus Bad Homburg,559.0,2025-04-18 12:36
Bosch GSN29VWEP,cyberport.de - Shop aus Dresden,559.0,2025-04-18 12:36
Bosch GSN29VWEP,elektrokoeck.com - Shop aus Wien,563.7,2025-04-18 12:36
Bosch GSN29VWEP,smartgoods.de - Shop aus Radebeul,567.89,2025-04-18 12:36
Bosch GSN29VWEP,psi24.com - Shop aus Friedrichshafen,571.0,2025-04-18 12:36
Bosch GSN29VWEP,otto.de - Shop aus Hamburg,575.32,2025-04-18 12:36
Bosch GSN29VWEP,Amazon - Shop aus München,575.85,2025-04-18 12:36
Bosch GSN29VWEP,galaxus.de - Shop aus Hamburg,575.85,2025-04-18 12:36
Bosch GSN29VWEP,homeofkitchen.shop - Shop aus Friedberg,578.7,2025-04-18 12:36
Bosch GSN29VWEP,elektroshopwagner.de - Shop aus Nidda,579.65,2025-04-18 12:36
Bosch GSN29VWEP,handelspunkt-schlema.de - Shop aus Bad Schlema,585.0,2025-04-18 12:36
Bosch GSN29VWEP,elektrowelt-zwickau.de - Shop aus Zwickau,585.71,2025-04-18 12:36
Bosch GSN29VWEP,rb-elektroshop.de - Shop aus Zwickau,585.71,2025-04-18 12:36
Bosch GSN29VWEP,technikdirekt.de - Shop aus Würzburg,589.0,2025-04-18 12:36
Bosch GSN29VWEP,allesfuerzuhause.de - Shop aus Gera,589.11,2025-04-18 12:36
Bosch GSN29VWEP,ascasa.de - Shop aus Höhenkirchen-Siegertsbrunn,596.0,2025-04-18 12:36
Bomann GB 7236,technikdirekt.de - Shop aus Würzburg,149.0,2025-04-18 12:36
Bomann GB 7236,eBay - Shop aus Bern,152.0,2025-04-18 12:36
Bomann GB 7236,Amazon Marketplace - Shop aus Luxemburg,152.71,2025-04-18 12:36
Bomann GB 7236,tandmore.de - Shop aus Plauen,154.06,2025-04-18 12:36
Bomann GB 7236,mytvshop.de - Shop aus Hohenkammer,154.1,2025-04-18 12:36
Bomann GB 7236,alles-mit-stecker.de - Shop aus Hohenkammer,154.82,2025-04-18 12:36
Bomann GB 7236,Amazon - Shop aus München,155.65,2025-04-18 12:36
Bomann GB 7236,Amazon - Shop aus München,159.0,2025-04-18 12:36
Bomann GB 7236,Amazon Marketplace - Shop aus Luxemburg,159.0,2025-04-18 12:36
Bomann GB 7236,kaufland.de - Shop aus Neckarsulm,159.0,2025-04-18 12:36
Bomann GB 7236,mediamarkt.de (Marktplatzhändler) - Shop aus München,159.0,2025-04-18 12:36
Bomann GB 7236,otto.de (Marktplatzhändler) - Shop aus Hamburg,159.0,2025-04-18 12:36
Bomann GB 7236,otto.de (Marktplatzhändler) - Shop aus Hamburg,159.0,2025-04-18 12:36
Bomann GB 7236,eBay - Shop aus Bern,159.0,2025-04-18 12:36
Bomann GB 7236,galaxus.de - Shop aus Hamburg,160.32,2025-04-18 12:36
Bomann GB 7236,galaxus.de - Shop aus Hamburg,163.77,2025-04-18 12:36
Bomann GB 7236,elektroshopwagner.de - Shop aus Nidda,164.95,2025-04-18 12:36
Bomann GB 7236,voelkner.de - Shop aus Nürnberg,166.98,2025-04-18 12:36
Bomann GB 7236,kaufland.de - Shop aus Neckarsulm,167.48,2025-04-18 12:36
Bomann GB 7236,shop.mediazehe.de - Shop aus Haßfurt,167.81,2025-04-18 12:36
Liebherr FNd 5026-22,premiumshop24.de - Shop aus Karlsruhe,834.0,2025-04-18 12:36
Liebherr FNd 5026-22,baur.de - Shop aus Burgkunstadt,849.0,2025-04-18 12:36
Liebherr FNd 5026-22,euronics.de - Shop aus Ditzingen,849.0,2025-04-18 12:36
Liebherr FNd 5026-22,bobselektro.de - Shop aus Hamburg,849.0,2025-04-18 12:36
Liebherr FNd 5026-22,otto.de - Shop aus Hamburg,849.0,2025-04-18 12:36
Liebherr FNd 5026-22,wermuth.de - Shop aus Egeln,854.98,2025-04-18 12:36
Liebherr FNd 5026-22,hgw-technik.de - Shop aus Stuttgart,883.0,2025-04-18 12:36
Liebherr FNd 5026-22,holzleitner.de - Shop aus Mönchengladbach,899.0,2025-04-18 12:36
Liebherr FNd 5026-22,avmarkt-select.de - Shop aus Bensheim,918.0,2025-04-18 12:36
Liebherr FNd 5026-22,expert.de - Shop aus Langenhagen,929.0,2025-04-18 12:36
Liebherr FNd 5026-22,Amazon Marketplace - Shop aus Luxemburg,1095.99,2025-04-18 12:36
Bosch GSN51AWCV,allesfuerzuhause.de - Shop aus Gera,749.68,2025-04-18 12:36
Bosch GSN51AWCV,euronics.de - Shop aus Ditzingen,754.81,2025-04-18 12:36
Bosch GSN51AWCV,mybauer.de - Shop aus Schöllnach,754.91,2025-04-18 12:36
Bosch GSN51AWCV,meinkuechenstudio.de - Shop aus Schöllnach,754.91,2025-04-18 12:36
Bosch GSN51AWCV,alternate.de - Shop aus Linden,770.0,2025-04-18 12:36
Bosch GSN51AWCV,elektrowelt-zwickau.de - Shop aus Zwickau,784.67,2025-04-18 12:36
Bosch GSN51AWCV,rb-elektroshop.de - Shop aus Zwickau,784.67,2025-04-18 12:36
Bosch GSN51AWCV,tandmore.de - Shop aus Plauen,786.94,2025-04-18 12:36
Bosch GSN51AWCV,elektroshopwagner.de - Shop aus Nidda,789.0,2025-04-18 12:36
Bosch GSN51AWCV,smartgoods.de - Shop aus Radebeul,789.68,2025-04-18 12:36
Bosch GSN51AWCV,eBay - Shop aus Bern,802.75,2025-04-18 12:36
Bosch GSN51AWCV,tecedo.de - Shop aus Wölfersheim,806.0,2025-04-18 12:36
Bosch GSN51AWCV,kaufland.de - Shop aus Neckarsulm,809.65,2025-04-18 12:36
Bosch GSN51AWCV,wermuth.de - Shop aus Egeln,817.72,2025-04-18 12:36
Bosch GSN51AWCV,handelspunkt-schlema.de - Shop aus Bad Schlema,824.0,2025-04-18 12:36
Bosch GSN51AWCV,mars-media-elektronik.de - Shop aus Simbach am Inn,828.0,2025-04-18 12:36
Bosch GSN51AWCV,galaxus.de - Shop aus Hamburg,829.99,2025-04-18 12:36
Bosch GSN51AWCV,monbeck.de - Shop aus Pohlheim,845.0,2025-04-18 12:36
Bosch GSN51AWCV,Talk-Point.de - Shop aus Eilenburg,845.99,2025-04-18 12:36
Bosch GSN51AWCV,Amazon - Shop aus München,849.0,2025-04-18 12:36
Bomann GS 7253 weiß,technikdirekt.de - Shop aus Würzburg,257.0,2025-04-18 12:36
Bomann GS 7253 weiß,elektroshopwagner.de - Shop aus Nidda,264.29,2025-04-18 12:36
Bomann GS 7253 weiß,smartgoods.de - Shop aus Radebeul,282.32,2025-04-18 12:36
Bomann GS 7253 weiß,Amazon - Shop aus München,289.0,2025-04-18 12:36
Bomann GS 7253 weiß,kaufland.de - Shop aus Neckarsulm,289.0,2025-04-18 12:36
Bomann GS 7253 weiß,eBay - Shop aus Bern,289.0,2025-04-18 12:36
Bomann GS 7253 weiß,Amazon Marketplace - Shop aus Luxemburg,289.99,2025-04-18 12:36
Bomann GS 7253 weiß,mediamarkt.de - Shop aus Ingolstadt,299.99,2025-04-18 12:36
Bomann GS 7253 weiß,ardebo.de - Shop aus Laucha an der Unstrut,343.19,2025-04-18 12:36
Bomann GS 7253 weiß,otto.de (Marktplatzhändler) - Shop aus Hamburg,344.55,2025-04-18 12:36
